2022-02-15,Patrick Singleton,Active_transport_modeling.md
2022-01-21,longpan0901,Stated_preference_surveys.md
2021-12-16,Nico Kühnel,Health_and_Transportation_Data.md
2021-11-16,Nico Kühnel,Spatial_interaction_models.md
2021-11-16,Greg Macfarlane,Travel_behavior.md
2021-11-16,Greg Macfarlane,Travel_Behavior_Definitions.md
2021-11-16,Greg Macfarlane,00_Table_Contents.md
2021-06-15,Matt Stratton,Style_Guide.md
2021-06-15,Matt Stratton,Markov_Models.md
2021-06-15,Greg Macfarlane,Bypasses_of_local_scope_in_project_level_traffic_forecasting.md
2021-06-15,Greg Macfarlane,Box_Cox_transformations_in_project_level_traffic_forecasting.md
2021-06-15,Greg Macfarlane,Benefits_of_Activity_Based_Models.md
2021-06-15,Greg Macfarlane,Autoregressive_models_in_project_forecasting.md
2021-06-15,Greg Macfarlane,Accessibility.md
2021-06-15,Greg Macfarlane,2012_Household_Travel_Survey_Symposium_Conference_Summary_and_Final_Report.md
2021-06-14,Greg Macfarlane,Count_Models.md
2021-06-11,Brice Nichols,Iterative_Proportional_Fitting.md
2021-05-28,ajhorowitz,Software.md
2021-05-17,Billy Charlton,About.md
2021-05-14,Bhargava Sana,Transportation_networks.md
2021-04-27,Rolf Moeckel,Land_use_transport_model_types.md
2021-04-27,Rolf Moeckel,Land_use_transport_modeling.md
2021-04-27,Rolf Moeckel,History_of_land_use_transport_modeling.md
2021-04-23,Rolf Moeckel,Regression_Analysis.md
2021-04-23,Rolf Moeckel,Choice_models.md
2021-04-14,Greg Macfarlane,Contributing.md
2021-03-17,Matt Stratton,Working_with_vehicle_re_identification_data_in_project_level_traffic_forecasting.md
2021-03-17,Matt Stratton,Windowing_with_OD_table_estimation_from_traffic_counts_in_project_level_traffic_forecasting.md
2021-03-17,Matt Stratton,Webinars_and_Videos.md
2021-03-17,Matt Stratton,Washington_State_Comprehensive_Tolling_Study_Volume_1_Final_Report.md
2021-03-17,Matt Stratton,Visitor_surveys.md
2021-03-17,Matt Stratton,Vine_building.md
2021-03-17,Matt Stratton,Version_Control.md
2021-03-17,Matt Stratton,Vehicle_Ownership_Models.md
2021-03-17,Matt Stratton,Vehicle_mix_refinements_in_project_level_traffic_forecasting.md
2021-03-17,Matt Stratton,Vehicle_Counts.md
2021-03-17,Matt Stratton,Validating_Input_Data.md
2021-03-17,Matt Stratton,Utility.md
2021-03-17,Matt Stratton,Using_policy_to_affect_travel_behavior.md
2021-03-17,Matt Stratton,User_Equilibrium.md
2021-03-17,Matt Stratton,User_benefits_in_project_level_traffic_forecasting.md
2021-03-17,Matt Stratton,UrbanDataResources.md
2021-03-17,Matt Stratton,Urban_Data.md
2021-03-17,Matt Stratton,Urban_Big_Data.md
2021-03-17,Matt Stratton,Urban_and_metropolitan_models.md
2021-03-17,Matt Stratton,Two_Lane_Highways.md
2021-03-17,Matt Stratton,Twin_Cities_HOV_Study_Final_Report.md
2021-03-17,Matt Stratton,Turning_movement_refinements_in_project_level_traffic_forecasting.md
2021-03-17,Matt Stratton,Trip_interchange.md
2021-03-17,Matt Stratton,Trip_Generation.md
2021-03-17,Matt Stratton,Trip_distribution.md
2021-03-17,Matt Stratton,Trip_based_models.md
2021-03-17,Matt Stratton,Trend_models_in_project_level_traffic_forecasting.md
2021-03-17,Matt Stratton,Travel_Time_Speed_and_Reliability_Data.md
2021-03-17,Matt Stratton,Travel_surveys.md
2021-03-17,Matt Stratton,Travel_survey_data.md
2021-03-17,Matt Stratton,Travel_model_curriculum.md
2021-03-17,Matt Stratton,Travel_Forecasting_Results_Report.md
2021-03-17,Matt Stratton,Travel_Forecasting_for_the_Capital_Investment_Grant_Program.md
2021-03-17,Matt Stratton,Travel_Demand_and_Network_Model_Integration_Schemas.md
2021-03-17,Matt Stratton,Travel_Behaviour_A_review_of_recent_literature.md
2021-03-17,Matt Stratton,Travel_Behavior_Resources.md
2021-03-17,Matt Stratton,Travel_Behavior_of_Diverse_Populations.md
2021-03-17,Matt Stratton,Transportation_secure_data_center.md
2021-03-17,Matt Stratton,Transportation_Elasticities_How_Prices_and_Other_Factors_Affect_Travel_Behavior.md
2021-03-17,Matt Stratton,Transit_Vehicles.md
2021-03-17,Matt Stratton,Transit_Route.md
2021-03-17,Matt Stratton,Transit_Route_Frequency.md
2021-03-17,Matt Stratton,Transit_Path_Parameters.md
2021-03-17,Matt Stratton,Transit_onboard_surveys.md
2021-03-17,Matt Stratton,Transit_networks.md
2021-03-17,Matt Stratton,Transit_Network_Service_Determination.md
2021-03-17,Matt Stratton,Transit_Network_Assignment.md
2021-03-17,Matt Stratton,Transit_mode_combinations.md
2021-03-17,Matt Stratton,Transit_Fares.md
2021-03-17,Matt Stratton,Transit_dwell_time.md
2021-03-17,Matt Stratton,Transit_Data.md
2021-03-17,Matt Stratton,Transit_crowding.md
2021-03-17,Matt Stratton,TRANSIMS.md
2021-03-17,Matt Stratton,Traffic_simulation_models.md
2021-03-17,Matt Stratton,Traffic_microsimulation_in_project_level_traffic_forecasting.md
2021-03-17,Matt Stratton,Traffic_dynamics_in_project_level_traffic_forecasting.md
2021-03-17,Matt Stratton,Traffic_Data.md
2021-03-17,Matt Stratton,Traffic_Analysis_Zone.md
2021-03-17,Matt Stratton,T_PICS_Transportation_Project_Impact_Case_Studies.md
2021-03-17,Matt Stratton,Toward_a_dynamic_model_of_individual_activity_pattern_formulation.md
2021-03-17,Matt Stratton,Tour_based_models.md
2021-03-17,Matt Stratton,Tour_based_and_supply_chain_modeling_for_freight.md
2021-03-17,Matt Stratton,Topic_Circles.md
2021-03-17,Matt Stratton,Tolling_and_Public_Private_Partnerships_in_Texas_Separating_Myth_from_Fact.md
2021-03-17,Matt Stratton,TMIP.md
2021-03-17,Matt Stratton,TMIP_Activity_Based_Model_Webinar_Series_Instructor_Manual.md
2021-03-17,Matt Stratton,Time_of_Day_Factoring.md
2021-03-17,Matt Stratton,The_Transportation_Planning_Process_Key_Issues.md
2021-03-17,Matt Stratton,The_Chicago_Area_Transportation_Study_Creating_the_First_Plan_1955_1962_.md
2021-03-17,Matt Stratton,The_ARC_and_SACOG_Experience_with_Activity_Based_Models_Synthesis_and_Lessons_Learned.md
2021-03-17,Matt Stratton,Temporal_resolution_in_project_level_traffic_forecasting.md
2021-03-17,Matt Stratton,Temporal_refinements_and_directional_split_refinements_in_project_level_traffic_forecasting.md
2021-03-17,Matt Stratton,Temporal_data.md
2021-03-17,Matt Stratton,TCRP_Synthesis_63.md
2021-03-17,Matt Stratton,TCRP_Report_95_Chapter_14_Road_Value_Pricing_Traveler_Response_to_Transportation_System_Changes.md
2021-03-17,Matt Stratton,TCRP_Report_95_Chapter_13_Parking_Pricing_and_Fares_Traveler_Response_to_Transportation_System_Changes.md
2021-03-17,Matt Stratton,TCRP_Report_95_Chapter_12_Transit_Pricing_and_Fares_Traveler_Response_to_Transportation_System_Changes.md
2021-03-17,Matt Stratton,Synthetic_populations_review_of_the_different_approaches.md
2021-03-17,Matt Stratton,Subarea_focusing_in_project_level_traffic_forecasting.md
2021-03-17,Matt Stratton,Strategic_Models.md
2021-03-17,Matt Stratton,STOPS.md
2021-03-17,Matt Stratton,Stochastic_Traffic_Assignment.md
2021-03-17,Matt Stratton,Stepwise_Model_Calibration_Validation.md
2021-03-17,Matt Stratton,Statewide_Models_Trip_based_Models.md
2021-03-17,Matt Stratton,Statewide_Models_Special_Models.md
2021-03-17,Matt Stratton,Statewide_Models_ODME_Models.md
2021-03-17,Matt Stratton,Statewide_models.md
2021-03-17,Matt Stratton,Statewide_Models_Activity_based_Models.md
2021-03-17,Matt Stratton,Statewide_Modeling_Subcommittee_ADA10_2_.md
2021-03-17,Matt Stratton,Statewide_Modeling_Case_Studies.md
2021-03-17,Matt Stratton,Statewide_Freight_Modeling.md
2021-03-17,Matt Stratton,SR_288_Metropolitan_Travel_Forecasting_Current_Practice_and_Future_Direction.md
2021-03-17,Matt Stratton,Speed_and_travel_time_refinements_in_project_level_traffic_forecasting.md
2021-03-17,Matt Stratton,Special_reporting_requirements_in_project_level_traffic_forecasting.md
2021-03-17,Matt Stratton,Spatial_data.md
2021-03-17,Matt Stratton,Solution_Algorithm.md
2021-03-17,Matt Stratton,Software_Development_For_Travel_Modeling.md
2021-03-17,Matt Stratton,Smoothing_in_project_level_traffic_forecasting.md
2021-03-17,Matt Stratton,Skim_Matrix.md
2021-03-17,Matt Stratton,Sketch_planning_models.md
2021-03-17,Matt Stratton,SHRP2_C04_Improving_Our_Understanding_of_How_Highway_Congestion_and_Pricing_Affect_Travel_Demand.md
2021-03-17,Matt Stratton,SFCTA_s_Experience_Using_its_SF_CHAMP_Activity_Based_Model.md
2021-03-17,Matt Stratton,SFCTA_Paper_incorporating_crowding.md
2021-03-17,Matt Stratton,Screenline_refinements_in_project_level_traffic_forecasting.md
2021-03-17,Matt Stratton,Scenario_sensitivity_testing_in_project_level_traffic_forecasting.md
2021-03-17,Matt Stratton,Scenario_Forecasting_for_Travel_Demand_Modeling.md
2021-03-17,Matt Stratton,Safety_Data.md
2021-03-17,Matt Stratton,Safety_Analysis.md
2021-03-17,Matt Stratton,Response_bias.md
2021-03-17,Matt Stratton,Resources.md
2021-03-17,Matt Stratton,Representations_of_Decision_Making_Behavior_in_Travel_Modeling.md
2021-03-17,Matt Stratton,Reports.md
2021-03-17,Matt Stratton,Reporting_of_reasonable_bounds_on_forecast_values_in_project_level_traffic_forecasting.md
2021-03-17,Matt Stratton,Regulatory_framework_for_metropolitan_modeling.md
2021-03-17,Matt Stratton,Refining_vehicle_class_forecasts_for_evaluation_in_project_level_traffic_forecasting.md
2021-03-17,Matt Stratton,Refining_speeds_for_evaluation_in_project_level_traffic_forecasting.md
2021-03-17,Matt Stratton,README.md
2021-03-17,Matt Stratton,Quality_assurance_and_validation_standards_in_project_level_traffic_forecasting.md
2021-03-17,Matt Stratton,Purpose_of_project_level_travel_forecasting.md
2021-03-17,Matt Stratton,Puget_Sound_Regional_Council.md
2021-03-17,Matt Stratton,Public_transport_transit_modeling.md
2021-03-17,Matt Stratton,Project_level_traffic_forecasting.md
2021-03-17,Matt Stratton,Project_level_forecasting_process.md
2021-03-17,Matt Stratton,Pricing_and_valuation.md
2021-03-17,Matt Stratton,Pricing_and_Travel_Time_Reliability_Enhancements_in_the_SANDAG_Activity_Based_Travel_Model_Final_Report.md
2021-03-17,Matt Stratton,Prerequisites_for_travel_modeling.md
2021-03-17,Matt Stratton,Population_Synthesis.md
2021-03-17,Matt Stratton,Population_Synthesis_For_Microsimulating_Travel_Behavior.md
2021-03-17,Matt Stratton,Policy_relevance_of_transportation_models.md
2021-03-17,Matt Stratton,Polaris.md
2021-03-17,Matt Stratton,Plausibility_Assessment_of_a_Travel_Forecast.md
2021-03-17,Matt Stratton,Pivoting_with_select_link_analysis_for_small_developments_in_project_level_traffic_forecasting.md
2021-03-17,Matt Stratton,Pedestrian_Route_Choice.md
2021-03-17,Matt Stratton,Pavement_design_in_project_level_traffic_forecasting.md
2021-03-17,Matt Stratton,Path_Finding_Algorithm.md
2021-03-17,Matt Stratton,Path_Choice_Mode_choice_Consistency.md
2021-03-17,Matt Stratton,Parking_surveys.md
2021-03-17,Matt Stratton,Origin_Destination.md
2021-03-17,Matt Stratton,Open_Matrix_Format.md
2021-03-17,Matt Stratton,Open_Data_Sources.md
2021-03-17,Matt Stratton,Open_Code_Directory.md
2021-03-17,Matt Stratton,Online_Travel_Survey_Manual.md
2021-03-17,Matt Stratton,On_Board_Transit_Survey.md
2021-03-17,Matt Stratton,OD_table_refinements_in_project_level_traffic_forecasting.md
2021-03-17,Matt Stratton,New_Starts.md
2021-03-17,Matt Stratton,Network_assignment.md
2021-03-17,Matt Stratton,NCTCOG_Path_Towards_Advanced_Analytical_Tools.md
2021-03-17,Matt Stratton,NCHRP_Synthesis_406_Advanced_Practices_in_Travel_Forecasting_A_Synthesis_of_Highway_Practice.md
2021-03-17,Matt Stratton,NCHRP_Report_765.md
2021-03-17,Matt Stratton,NCHRP_775_Applying_GPS_Data_to_Understand_Travel_Behavior.md
2021-03-17,Matt Stratton,National_guidelines_for_use_in_project_level_traffic_forecasting.md
2021-03-17,Matt Stratton,Multi_resolution_models.md
2021-03-17,Matt Stratton,Multiple_Discrete_Continuous_Extreme_Value_MDCEV_Model.md
2021-03-17,Matt Stratton,MPO_model_documentation.md
2021-03-17,Matt Stratton,Model_validation_plans.md
2021-03-17,Matt Stratton,Model_Validation_and_Reasonableness_Checking_Validation_Plan.md
2021-03-17,Matt Stratton,Model_Validation_and_Reasonableness_Checking_Time_Of_Day.md
2021-03-17,Matt Stratton,Model_Validation_and_Reasonableness_Checking_Temporal_And_Sensitivity.md
2021-03-17,Matt Stratton,Model_Validation_and_Reasonableness_Checking_Tables.md
2021-03-17,Matt Stratton,Model_Validation_and_Reasonableness_Checking_Socioeconomic_Models.md
2021-03-17,Matt Stratton,Model_Validation_and_Reasonableness_Checking_Model_Inputs.md
2021-03-17,Matt Stratton,Model_Validation_and_Reasonableness_Checking_Mode_Choice.md
2021-03-17,Matt Stratton,Model_Validation_and_Reasonableness_Checking.md
2021-03-17,Matt Stratton,Model_Validation_and_Reasonableness_Checking_Introduction.md
2021-03-17,Matt Stratton,Model_Validation_and_Reasonableness_Checking_Figures.md
2021-03-17,Matt Stratton,Model_Validation_and_Reasonableness_Checking_Documentation.md
2021-03-17,Matt Stratton,Model_Validation_and_Reasonableness_Checking_Distribution.md
2021-03-17,Matt Stratton,Model_Validation_and_Reasonableness_Checking_Assignment.md
2021-03-17,Matt Stratton,Model_Validation_and_Reasonableness_Checking_Amount_Of_Travel.md
2021-03-17,Matt Stratton,Model_Transferability.md
2021-03-17,Matt Stratton,Model_integration.md
2021-03-17,Matt Stratton,Model_Improvement_Plan.md
2021-03-17,Matt Stratton,Model_estimation.md
2021-03-17,Matt Stratton,Modelers.md
2021-03-17,Matt Stratton,Model_calibration.md
2021-03-17,Matt Stratton,Model_calibration_and_validation.md
2021-03-17,Matt Stratton,Mode_choice.md
2021-03-17,Matt Stratton,Mode_Choice_Behavior.md
2021-03-17,Matt Stratton,Modal_hierarchy.md
2021-03-17,Matt Stratton,Measures_of_effectiveness_and_performance_measures_in_project_level_traffic_forecasting.md
2021-03-17,Matt Stratton,Maryland_Statewide_Transportation_Model.md
2021-03-17,Matt Stratton,Market_Segmentation.md
2021-03-17,Matt Stratton,Long_range_transportation_plan.md
2021-03-17,Matt Stratton,Long_distance_Travel.md
2021-03-17,Matt Stratton,Location_Based_Services_Data.md
2021-03-17,Matt Stratton,LM2.md
2021-03-17,Matt Stratton,LM1.md
2021-03-17,Matt Stratton,List_of_Model_User_Groups.md
2021-03-17,Matt Stratton,Linear_models_with_explanatory_variables_in_project_level_traffic_forecasting.md
2021-03-17,Matt Stratton,Limited_role_of_judgment_in_project_level_traffic_forecasting.md
2021-03-17,Matt Stratton,Limitations_in_classic_constraint_based_approaches.md
2021-03-17,Matt Stratton,Land_use_models_in_project_level_traffic_forecasting.md
2021-03-17,Matt Stratton,Joint_Travel_Behavior.md
2021-03-17,Matt Stratton,Joint_Conditional_Destination_Choices.md
2021-03-17,Matt Stratton,J_Douglas_Carroll.md
2021-03-17,Matt Stratton,Interpolation_between_forecast_years_in_project_level_traffic_forecasting.md
2021-03-17,Matt Stratton,Integrated_Travel_Demand_and_Network_Models.md
2021-03-17,Matt Stratton,Inside_the_Black_Box.md
2021-03-17,Matt Stratton,Innovations_in_Travel_Modeling.md
2021-03-17,Matt Stratton,Including_TRB_sponsored_research.md
2021-03-17,Matt Stratton,Impedance.md
2021-03-17,Matt Stratton,Impacts_of_Time_of_Day_Pricing_on_Travel_Behavior_General_Findings_from_the_Port_Authority_of_New_York_and_New_Jersey_s_Initiative.md
2021-03-17,Matt Stratton,Ideal_travel_model_standard_in_project_level_traffic_forecasting.md
2021-03-17,Matt Stratton,Hybrid_models_in_project_level_traffic_forecasting.md
2021-03-17,Matt Stratton,Household_travel_surveys.md
2021-03-17,Matt Stratton,Highway_Research_Board_Special_Report_120_Urban_Commodity_Flow.md
2021-03-17,Matt Stratton,Highway_noise_analysis_in_project_level_traffic_forecasting.md
2021-03-17,Matt Stratton,Highway_networks.md
2021-03-17,Matt Stratton,Highway_Capacity_Manual.md
2021-03-17,Matt Stratton,High_Occupancy_Toll_Lanes_Potential_for_Implementation_in_the_Atlanta_Region.md
2021-03-17,Matt Stratton,H_GAC_Activity_Based_Model_Model_Validation_Plan_Report.md
2021-03-17,Matt Stratton,Half_lane_rule_and_extensions_in_project_level_traffic_forecasting.md
2021-03-17,Matt Stratton,Guidelines_for_Network_Representation_of_Transit_Access_State_of_the_Practice_Summary.md
2021-03-17,Matt Stratton,GPS_enabled_surveys.md
2021-03-17,Matt Stratton,GPS_Based_Pilot_Survey_of_Freight_Movements_in_the_Midwest_Region.md
2021-03-17,Matt Stratton,Goods_Movement_Study_in_Illinois_Application_to_Freight_Transportation_and_Logistics.md
2021-03-17,Matt Stratton,glossary.md
2021-03-17,Matt Stratton,Global_Positioning_Systems_GPS_Data.md
2021-03-17,Matt Stratton,Georgia_Statewide_Model.md
2021-03-17,Matt Stratton,Future_prospect_for_activity_based_models.md
2021-03-17,Matt Stratton,Future_Development_of_TFR.md
2021-03-17,Matt Stratton,Freight_modeling.md
2021-03-17,Matt Stratton,Format_Testing.md
2021-03-17,Matt Stratton,Factors_Affecting_Destination_Choice.md
2021-03-17,Matt Stratton,External_surveys.md
2021-03-17,Matt Stratton,Explaining_Activity_Based_Models_to_a_General_Audience.md
2021-03-17,Matt Stratton,Example_of_an_autoregression_model_with_Box_Cox_transformation.md
2021-03-17,Matt Stratton,Establishment_surveys.md
2021-03-17,Matt Stratton,Errors_and_variability_in_volume_data_for_project_level_traffic_forecasts.md
2021-03-17,Matt Stratton,Empirical_Accuracy_of_Travel_Forecasts.md
2021-03-17,Matt Stratton,Dynamic_Traffic_Assignment.md
2021-03-17,Matt Stratton,Dynamic_network_models.md
2021-03-17,Matt Stratton,DTA_Primer.md
2021-03-17,Matt Stratton,DRCOG_s_Experience_Using_its_FOCUS_Activity_Based_Model.md
2021-03-17,Matt Stratton,Documentation_standards_in_project_level_traffic_forecasting.md
2021-03-17,Matt Stratton,Discussion_of_travel_delay_in_acceptable_models_in_project_level_traffic_forecasting.md
2021-03-17,Matt Stratton,Development_of_Guidelines_for_TxDOT_Regional_Toll_Authority_Cooperation_and_Coordination.md
2021-03-17,Matt Stratton,Destination_Choice_Theoretical_Foundations.md
2021-03-17,Matt Stratton,Destination_Choice_Set_Formation.md
2021-03-17,Matt Stratton,Destination_Choice_Parameter_Estimation.md
2021-03-17,Matt Stratton,Destination_Choice_Models.md
2021-03-17,Matt Stratton,Destination_Choice_Mathematical_Formulation.md
2021-03-17,Matt Stratton,Destination_Choice_Implementation_and_Application.md
2021-03-17,Matt Stratton,Destination_Choice_Data_Sources.md
2021-03-17,Matt Stratton,Destination_Choice_Calibration_and_Validation.md
2021-03-17,Matt Stratton,DestChoice_MathFormulation_Fig-1.jpg
2021-03-17,Matt Stratton,Design_principles_of_land_use_models.md
2021-03-17,Matt Stratton,Design_Hourly_Volume.md
2021-03-17,Matt Stratton,Delay_Estimation_in_Trip_Based_Models.md
2021-03-17,Matt Stratton,Data_Visualization.md
2021-03-17,Matt Stratton,Data_Driven_Methods.md
2021-03-17,Matt Stratton,Data_Development.md
2021-03-17,Matt Stratton,Dallas_Case_Study.md
2021-03-17,Matt Stratton,Current_trends_in_travel_behavior.md
2021-03-17,Matt Stratton,Current_Status_of_Statewide_Models.md
2021-03-17,Matt Stratton,Contributing-Dev-Instructions.md
2021-03-17,Matt Stratton,Content_Charrette_Destination_Choice_Models.md
2021-03-17,Matt Stratton,Content_Charrette_Autonomous_Vehicles.md
2021-03-17,Matt Stratton,Community.md
2021-03-17,Matt Stratton,Commercial_vehicle_surveys.md
2021-03-17,Matt Stratton,Choicesetdepiction.png
2021-03-17,Matt Stratton,Choice_of_techniques_in_project_level_traffic_forecasts.md
2021-03-17,Matt Stratton,Choice_Models_with_Aggregate_Choices.md
2021-03-17,Matt Stratton,Choice_Model_Development_in_Practice.md
2021-03-17,Matt Stratton,Cellular_Communications_Data.md
2021-03-17,Matt Stratton,Bypasses_of_regional_scope_in_project_level_traffic_forecasting.md
2021-03-17,Matt Stratton,Big_Picture.md
2021-03-17,Matt Stratton,Big_Data.md
2021-03-17,Matt Stratton,Benefits_of_dynamic_network_models.md
2021-03-17,Matt Stratton,Average_Daily_Traffic.md
2021-03-17,Matt Stratton,Average_Annual_Daily_Traffic.md
2021-03-17,Matt Stratton,Autonomous_vehicles_use_cases.md
2021-03-17,Matt Stratton,Autonomous_vehicles_planning_and_policy_context.md
2021-03-17,Matt Stratton,Autonomous_vehicles_operation_network.md
2021-03-17,Matt Stratton,Autonomous_vehicles_Modeling_frameworks.md
2021-03-17,Matt Stratton,Autonomous_vehicles.md
2021-03-17,Matt Stratton,Autonomous_vehicles_Lexicon.md
2021-03-17,Matt Stratton,Autonomous_vehicles_Forecasting.md
2021-03-17,Matt Stratton,Autonomous_vehicles_Early_applications.md
2021-03-17,Matt Stratton,Autonomous_vehicles_CAV_Penetration_Rates.md
2021-03-17,Matt Stratton,Autonomous_vehicles_Behavioral_considerations.md
2021-03-17,Matt Stratton,Associations_Organizations_and_Committees.md
2021-03-17,Matt Stratton,ARC_s_Experience_Using_its_CT_RAMP_Activity_Based_Model.md
2021-03-17,Matt Stratton,ALBATROSS.md
2021-03-17,Matt Stratton,Air_quality_estimation_in_project_level_traffic_forecasting.md
2021-03-17,Matt Stratton,A_historical_perspective_of_innovations_in_travel_modeling.md
2021-03-17,Matt Stratton,Activity_Travel_Planning_and_Decision_Making_Behaviors.md
2021-03-17,Matt Stratton,Activity_based_models.md
2021-03-17,Matt Stratton,Activity_Based_Modeling_Primer.md
2021-03-17,Matt Stratton,7th_ITM_Conference_Atlanta_Georgia_2018.md
2021-03-17,Matt Stratton,6th_ITM_Conference_Denver_Colorado_2016.md
2021-03-17,Matt Stratton,3rd_TRB_Conference_on_Innovations_in_Travel_Modeling.md
2021-03-17,Matt Stratton,2nd_TRB_Conference_on_Innovations_in_Travel_Modeling.md
2021-03-17,Matt Stratton,1st_TRB_Conference_on_Innovations_in_Travel_Modeling.md
